{
  "$schema": "http://json-schema.org/draft-07/schema#",
  "type": "object",
  "title": "Output Schema for chat operation",
  "description": "Output schema for the chat operation in the connector.",
  "properties": {
    "payload": {
      "type": "object",
      "properties": {
        "content": {
          "type": "string",
          "description": "A detailed description of the services."
        },
        "tokenUsage": {
          "type": "object",
          "properties": {
            "inputTokenCount": {
              "type": "integer",
              "minimum": 0,
              "description": "The number of tokens used as input."
            },
            "outputTokenCount": {
              "type": "integer",
              "minimum": 0,
              "description": "The number of tokens generated as output."
            },
            "totalTokenCount": {
              "type": "integer",
              "minimum": 0,
              "description": "The total number of tokens used."
            }
          },
          "required": ["inputTokenCount", "outputTokenCount", "totalTokenCount"]
        },
        "sources": {
          "type": "array",
          "items": {
            "type": "object",
            "properties": {
              "textSegment": {
                "type": "object",
                "properties": {
                  "text": {
                    "type": "string",
                    "description": "The text content of the source."
                  },
                  "metadata": {
                    "type": "object",
                    "properties": {
                      "index": {
                        "type": "string",
                        "description": "The index of the text segment."
                      }
                    },
                    "required": ["index"]
                  }
                },
                "required": ["text", "metadata"]
              }
            },
            "required": ["textSegment"]
          }
        },
        "finishReason": {
          "type": "string",
          "enum": ["STOP"],
          "description": "The reason why the process finished."
        },
        "toolExecutions": {
          "type": "array",
          "items": {},
          "description": "An array of tool execution objects"
        }
      },
      "required": ["content", "tokenUsage", "sources", "finishReason", "toolExecutions"]
    }
  },
  "required": [
    "payload"
  ],
  "additionalProperties": false
}
