{
  "connectorName": "ai",
  "operationName": "generateEmbeddings",
  "title": "Load documents",
  "help": "<h1>Define LLM prompts</h1><b>Define LLM prompts</b><br><br><ul><li><a href=\"https://ei.docs.wso2.com/en/latest/micro-integrator/references/connectors/file-connector/file-connector-config/\"> More Help </a></li></ul>",
  "elements": [
    {
      "type": "attributeGroup",
      "value": {
        "groupName": "General",
        "elements": [
          {
            "type": "attribute",
            "value": {
              "name": "configRef",
              "displayName": "Embedding model Connection",
              "inputType": "connection",
              "allowedConnectionTypes": [
                "OPEN_AI"
              ],
              "defaultType": "connection.local",
              "defaultValue": "",
              "required": "true",
              "helpTip": "AI service connection to be used"
            }
          },
          {
            "type": "attributeGroup",
            "value": {
              "groupName": "Basic",
              "elements": [
                {
                  "type": "attribute",
                  "value": {
                    "name": "input",
                    "displayName": "Input",
                    "inputType": "stringOrExpression",
                    "defaultValue": "",
                    "required": "true",
                    "helpTip": "A string or a JSON array of Strings"
                  }
                },
                {
                  "type": "attribute",
                  "value": {
                    "name": "model",
                    "displayName": "Embedding model",
                    "inputType": "combo",
                    "comboValues": ["text-embedding-3-small", "text-embedding-3-small", "text-embedding-ada-002"],
                    "defaultValue": "text-embedding-3-small",
                    "required": "true",
                    "helpTip": "Select the splitting strategy"
                  }
                }
              ]
            }
          },
          {
            "type": "attributeGroup",
            "value": {
              "groupName": "Response",
              "elements": [
                {
                  "type": "attribute",
                  "value": {
                    "name": "responseVariable",
                    "displayName": "Response Variable Name",
                    "inputType": "string",
                    "deriveResponseVariable": true,
                    "required": "true",
                    "helpTip": "Name of the variable to which the output of the operation should be assigned"
                  }
                },
                {
                  "type": "attribute",
                  "value": {
                    "name": "overwriteBody",
                    "displayName": "Overwrite Message Body",
                    "inputType": "checkbox",
                    "defaultValue": "false",
                    "helpTip": "Replace the Message Body in Message Context with the response of the operation (This will remove the payload from the above variable).",
                    "required": "false"
                  }
                }
              ]
            }
          }
        ]
      }
    }
  ]
}
