<?xml version="1.0" encoding="UTF-8"?>
<!--
 	Copyright (c) 2025, WSO2 LLC. (http://www.wso2.org) All Rights Reserved.

    WSO2 LLC. licenses this file to you under the Apache License,
    Version 2.0 (the "License"); you may not use this file except
    in compliance with the License.
    You may obtain a copy of the License at

      http://www.apache.org/licenses/LICENSE-2.0

   Unless required by applicable law or agreed to in writing,
   software distributed under the License is distributed on an
   "AS IS" BASIS, WITHOUT WARRANTIES OR CONDITIONS OF ANY
   KIND, either express or implied.  See the License for the
   specific language governing permissions and limitations
   under the License.
-->
<template name="init" onError="fault" xmlns="http://ws.apache.org/ns/synapse">
	<parameter name="connectionType" description="LLM provider type"/>
	<parameter name="name" description="Unique name the connection is identified by"/>
	<parameter name="persistence" description="Persist to MI registry"/>
	<parameter name="apiKey" description="API key"/>

	<parameter name="url" description="URL of the Vector Store"/>
	<parameter name="collection" description="Collection name"/>

	<parameter name="index" description="Index name"/>
	<parameter name="namespace" description="Namespace of the Vector Store"/>
	<parameter name="cloud" description="Cloud provider of the Vector Store"/>
	<parameter name="region" description="Region of the Vector Store"/>
	<parameter name="dimension" description="Dimension of the embeddings"/>

	<parameter name="deploymentName" description="Deployment name of Azure Open AI"/>
	<parameter name="endpoint" description="Endpoint of Azure Open AI"/>
	<parameter name="baseUrl" description="Base URL of the AI service API"/>

	<parameter name="host" description="Host of the database"/>
	<parameter name="port" description="Port of the database"/>
	<parameter name="database" description="Database name"/>
	<parameter name="user" description="Username of the database"/>
	<parameter name="password" description="Password of the database"/>
	<parameter name="table" description="Table name"/>

	<sequence>
		<property name="connectionType" expression="$func:connectionType"/>
		<property name="connectionName" expression="$func:name"/>
		<property name="persistence" expression="$func:persistence"/>
		<property name="apiKey" expression="$func:apiKey"/>

		<property name="url" expression="$func:url"/>
		<property name="collection" expression="$func:collection"/>

		<property name="index" expression="$func:index"/>
		<property name="namespace" expression="$func:namespace"/>
		<property name="cloud" expression="$func:cloud"/>
		<property name="region" expression="$func:region"/>
		<property name="dimension" expression="$func:dimension"/>

		<property name="deploymentName" expression="$func:deploymentName"/>
		<property name="endpoint" expression="$func:endpoint"/>
		<property name="baseUrl" expression="$func:baseUrl"/>

		<property name="host" expression="$func:host"/>
		<property name="port" expression="$func:port"/>
		<property name="database" expression="$func:database"/>
		<property name="user" expression="$func:user"/>
		<property name="password" expression="$func:password"/>
		<property name="table" expression="$func:table"/>
	</sequence>
</template>
