{
  "connectorName": "ai",
  "operationName": "parse",
  "title": "Load documents",
  "help": "<h1>Parser</h1><ul><li><a href=\"https://ei.docs.wso2.com/en/latest/micro-integrator/references/connectors/file-connector/file-connector-config/\"> Docs </a></li></ul>",
  "elements": [
    {
      "type": "attributeGroup",
      "value": {
        "groupName": "General",
        "elements": [
          {
            "type": "attributeGroup",
            "value": {
              "groupName": "Basic",
              "elements": [
                {
                  "type": "attribute",
                  "value": {
                    "name": "input",
                    "displayName": "Input",
                    "inputType": "stringOrExpression",
                    "defaultValue": "",
                    "required": "false",
                    "helpTip": "Content as a string"
                  }
                },
                {
                  "type": "attribute",
                  "value": {
                    "name": "type",
                    "displayName": "Type",
                    "inputType": "combo",
                    "comboValues": ["pdf-to-text", "markdown-to-text", "html-to-text", "doc-to-text", "docx-to-text", "xls-to-text", "xlsx-to-text", "ppt-to-text", "pptx-to-text"],
                    "defaultValue": "pdf-to-text",
                    "required": "true",
                    "helpTip": "Select the content type of the input"
                  }
                }
              ]
            }
          },
          {
            "type": "attributeGroup",
            "value": {
              "groupName": "Response",
              "elements": [
                {
                  "type": "attribute",
                  "value": {
                    "name": "responseVariable",
                    "displayName": "Response Variable Name",
                    "inputType": "string",
                    "deriveResponseVariable": true,
                    "required": "true",
                    "helpTip": "Name of the variable to which the output of the operation should be assigned"
                  }
                },
                {
                  "type": "attribute",
                  "value": {
                    "name": "overwriteBody",
                    "displayName": "Overwrite Message Body",
                    "inputType": "checkbox",
                    "defaultValue": "false",
                    "helpTip": "Replace the Message Body in Message Context with the response of the operation (This will remove the payload from the above variable).",
                    "required": "false"
                  }
                }
              ]
            }
          }
        ]
      }
    }
  ]
}
