<!--
 	Copyright (c) 2025, WSO2 LLC. (http://www.wso2.org) All Rights Reserved.

    WSO2 LLC. licenses this file to you under the Apache License,
    Version 2.0 (the "License"); you may not use this file except
    in compliance with the License.
    You may obtain a copy of the License at

      http://www.apache.org/licenses/LICENSE-2.0

   Unless required by applicable law or agreed to in writing,
   software distributed under the License is distributed on an
   "AS IS" BASIS, WITHOUT WARRANTIES OR CONDITIONS OF ANY
   KIND, either express or implied.  See the License for the
   specific language governing permissions and limitations
   under the License.
-->
<template xmlns="http://ws.apache.org/ns/synapse" name="searchStore">
    <parameter name="input" description="Input"/>
    <parameter name="maxResults" description="Max results from the vector store"/>
    <parameter name="minScore" description="Minimum score for a result"/>
    <parameter name="filter" description="Metadata filter for the results"/>
    <parameter name="responseVariable" description="Response variable name"/>
    <parameter name="overwriteBody" description="Replace the Message Body in Message Context with the response of the operation."/>
    <sequence>
        <class name="org.wso2.carbon.esb.module.ai.operations.EmbeddingStoreRetriever"/>
    </sequence>
</template>
