{
  "connectorName": "ai",
  "operationName": "searchStore",
  "title": "Search the vector store",
  "help": "<h1>Define LLM prompts</h1><b>Define LLM prompts</b><br><br><ul><li><a href=\"https://ei.docs.wso2.com/en/latest/micro-integrator/references/connectors/file-connector/file-connector-config/\"> More Help </a></li></ul>",
  "elements": [
    {
      "type": "attributeGroup",
      "value": {
        "groupName": "General",
        "elements": [
          {
            "type": "attribute",
            "value": {
              "name": "configRef",
              "displayName": "Vector store Connection",
              "inputType": "connection",
              "allowedConnectionTypes": [
                "MI_VECTOR_STORE", "CHROMA_DB", "PINECONE", "POSTGRE_SQL"
              ],
              "defaultType": "connection.local",
              "defaultValue": "",
              "required": "true",
              "helpTip": "Vector store connection to be used"
            }
          },
          {
            "type": "attributeGroup",
            "value": {
              "groupName": "Basic",
              "elements": [
                {
                  "type": "attribute",
                  "value": {
                    "name": "input",
                    "displayName": "Input",
                    "inputType": "stringOrExpression",
                    "defaultValue": "",
                    "required": "true",
                    "helpTip": "An array of JSON objects in the format of {\"text\":\"test\",\"embedding\":\"[array of numbers]\"}"
                  }
                },
                {
                  "type": "attribute",
                  "value": {
                    "name": "maxResults",
                    "displayName": "Max Results",
                    "inputType": "stringOrExpression",
                    "defaultValue": "5",
                    "required": "false",
                    "helpTip": "Maximum number of results to be returned"
                  }
                },
                {
                  "type": "attribute",
                  "value": {
                    "name": "minScore",
                    "displayName": "Min Score",
                    "inputType": "stringOrExpression",
                    "defaultValue": "0.75",
                    "required": "false",
                    "helpTip": "Minimum score to be considered as a valid result"
                  }
                }
              ]
            }
          },
          {
            "type": "attributeGroup",
            "value": {
              "groupName": "Response",
              "elements": [
                {
                  "type": "attribute",
                  "value": {
                    "name": "responseVariable",
                    "displayName": "Response Variable Name",
                    "inputType": "string",
                    "deriveResponseVariable": true,
                    "required": "true",
                    "helpTip": "Name of the variable to which the output of the operation should be assigned"
                  }
                },
                {
                  "type": "attribute",
                  "value": {
                    "name": "overwriteBody",
                    "displayName": "Overwrite Message Body",
                    "inputType": "checkbox",
                    "defaultValue": "false",
                    "helpTip": "Replace the Message Body in Message Context with the response of the operation (This will remove the payload from the above variable).",
                    "required": "false"
                  }
                }
              ]
            }
          }
        ]
      }
    }
  ]
}
