{
  "connectorName": "ai",
  "operationName": "split",
  "title": "Load documents",
  "help": "<h1>Define LLM prompts</h1><b>Define LLM prompts</b><br><br><ul><li><a href=\"https://ei.docs.wso2.com/en/latest/micro-integrator/references/connectors/file-connector/file-connector-config/\"> More Help </a></li></ul>",
  "elements": [
    {
      "type": "attributeGroup",
      "value": {
        "groupName": "General",
        "elements": [
          {
            "type": "attributeGroup",
            "value": {
              "groupName": "Basic",
              "elements": [
                {
                  "type": "attribute",
                  "value": {
                    "name": "input",
                    "displayName": "Input",
                    "inputType": "stringOrExpression",
                    "defaultValue": "",
                    "required": "true",
                    "helpTip": "Parsed content as a string"
                  }
                },
                {
                  "type": "attribute",
                  "value": {
                    "name": "strategy",
                    "displayName": "Strategy",
                    "inputType": "combo",
                    "comboValues": ["Recursive", "ByParagraph", "BySentence"],
                    "defaultValue": "Recursive",
                    "required": "true",
                    "helpTip": "Select the splitting strategy"
                  }
                },
                {
                  "type": "attribute",
                  "value": {
                    "name": "maxSegmentSize",
                    "displayName": "Max segment size",
                    "inputType": "stringOrExpression",
                    "defaultValue": "1000",
                    "required": "false",
                    "helpTip": "Max segment size in tokens"
                  }
                },
                {
                  "type": "attribute",
                  "value": {
                    "name": "maxOverlapSize",
                    "displayName": "Max overlap size",
                    "inputType": "stringOrExpression",
                    "defaultValue": "200",
                    "required": "false",
                    "helpTip": "Max overlap size in tokens"
                  }
                }
              ]
            }
          },
          {
            "type": "attributeGroup",
            "value": {
              "groupName": "Response",
              "elements": [
                {
                  "type": "attribute",
                  "value": {
                    "name": "responseVariable",
                    "displayName": "Response Variable Name",
                    "inputType": "string",
                    "deriveResponseVariable": true,
                    "required": "true",
                    "helpTip": "Name of the variable to which the output of the operation should be assigned"
                  }
                },
                {
                  "type": "attribute",
                  "value": {
                    "name": "overwriteBody",
                    "displayName": "Overwrite Message Body",
                    "inputType": "checkbox",
                    "defaultValue": "false",
                    "helpTip": "Replace the Message Body in Message Context with the response of the operation (This will remove the payload from the above variable).",
                    "required": "false"
                  }
                }
              ]
            }
          }
        ]
      }
    }
  ]
}
